_id,image,name,brand,category,size,protein_per_serving,rating,price,discount,Flavor,Image_URL
6805efb612d569ea3cf5c18e,/public/assets/images/wh3.png,Solgar Biotin (30 Capsules),Nature Made,Collagen,100g,5g,4.7,25.99,40%,,
6805efb612d569ea3cf5c18f,/public/assets/images/wh1.png,Vital Proteins Multivitamin (100g),New Chapter,Iron,90 Capsules,0g,4.5,25.99,25%,,
6805efb612d569ea3cf5c190,/public/assets/images/wh3.png,Nature Made Biotin (500mg),Vital Proteins,Collagen,500mg,5g,4.7,19.99,15%,,
6805efb612d569ea3cf5c191,/public/assets/images/wh2.png,Garden of Life Vitamin D (90 Capsules),New Chapter,Vitamin D,500mg,0g,4.2,15.99,20%,,
6805efb612d569ea3cf5c192,/public/assets/images/wh1.png,New Chapter Multivitamin (90 Capsules),Garden of Life,Collagen,250g,5g,4.2,25.99,20%,,
6805efb612d569ea3cf5c193,/public/assets/images/wh2.png,Vital Proteins Vitamin D (30 Capsules),Garden of Life,Collagen,500mg,5g,4.5,25.99,30%,,
6805efb612d569ea3cf5c194,/public/assets/images/wh3.png,Vital Proteins Multivitamin (250g),Nature Made,Collagen,100g,5g,4,12.99,25%,,
6805efb612d569ea3cf5c195,/public/assets/images/wh2.png,New Chapter Folic Acid (100g),Vital Proteins,Collagen,100g,5g,4.9,12.99,40%,,
6805efb612d569ea3cf5c196,/public/assets/images/wh3.png,New Chapter Vitamin D (100g),Vital Proteins,Calcium,250g,0g,4.5,34.99,30%,,
6805efb612d569ea3cf5c197,/public/assets/images/wh3.png,New Chapter Magnesium (500mg),Nature Made,Biotin,250g,0g,4.9,12.99,15%,,
6805efb612d569ea3cf5c198,/public/assets/images/wh3.png,Vital Proteins Multivitamin (60 Capsules),Solgar,Iron,60 Capsules,0g,4.2,15.99,15%,,
6805efb612d569ea3cf5c199,/public/assets/images/wh3.png,New Chapter Collagen (500mg),Vital Proteins,Calcium,250g,0g,4.2,12.99,20%,,
6805efb612d569ea3cf5c19a,/public/assets/images/wh2.png,New Chapter Multivitamin (250g),Solgar,Iron,100g,0g,4.2,25.99,20%,,
6805efb612d569ea3cf5c19b,/public/assets/images/wh3.png,Vital Proteins Biotin (500mg),Garden of Life,Magnesium,100g,0g,4.2,29.99,15%,,
6805efb612d569ea3cf5c19c,/public/assets/images/wh1.png,New Chapter Collagen (30 Capsules),Garden of Life,Collagen,30 Capsules,5g,4.5,25.99,30%,,
6805efb612d569ea3cf5c19d,/public/assets/images/wh2.png,Vital Proteins Collagen (500mg),Garden of Life,Magnesium,500mg,0g,4.9,19.99,30%,,
6805efb612d569ea3cf5c19e,/public/assets/images/wh1.png,Garden of Life Folic Acid (30 Capsules),Vital Proteins,Iron,250g,0g,4.7,29.99,20%,,
6805efb612d569ea3cf5c19f,/public/assets/images/wh3.png,Vital Proteins Collagen (100g),New Chapter,Calcium,500mg,0g,4.7,19.99,20%,,
6805efb612d569ea3cf5c1a0,/public/assets/images/wh3.png,Garden of Life Vitamin D (100g),Garden of Life,Folic Acid,90 Capsules,0g,4,15.99,15%,,
6805efb612d569ea3cf5c1a1,/public/assets/images/wh3.png,New Chapter Folic Acid (500mg),Solgar,Multivitamin,250g,5g,4,12.99,30%,,
6805efb612d569ea3cf5c1a2,/public/assets/images/wh2.png,Vital Proteins Biotin (250g),Garden of Life,Multivitamin,30 Capsules,5g,4.7,19.99,25%,,
6805efb612d569ea3cf5c1a3,/public/assets/images/wh1.png,Garden of Life Multivitamin (60 Capsules),Solgar,Multivitamin,30 Capsules,5g,4.9,15.99,30%,,
6805efb612d569ea3cf5c1a4,/public/assets/images/wh3.png,Solgar Multivitamin (30 Capsules),Nature Made,Calcium,60 Capsules,0g,4.2,12.99,40%,,
6805efb612d569ea3cf5c1a5,/public/assets/images/wh1.png,New Chapter Multivitamin (500mg),Vital Proteins,Multivitamin,250g,5g,4.9,29.99,40%,,
6805efb612d569ea3cf5c1a6,/public/assets/images/wh2.png,Vital Proteins Vitamin D (250g),Nature Made,Biotin,100g,0g,4.7,29.99,40%,,
6805efb612d569ea3cf5c1a7,/public/assets/images/wh1.png,Solgar Calcium (30 Capsules),Solgar,Folic Acid,60 Capsules,0g,4.2,15.99,20%,,
6805efb612d569ea3cf5c1a8,/public/assets/images/wh2.png,New Chapter Iron (60 Capsules),New Chapter,Calcium,60 Capsules,0g,4.5,15.99,40%,,
6805efb612d569ea3cf5c1a9,/public/assets/images/wh3.png,Vital Proteins Magnesium (250g),Vital Proteins,Multivitamin,250g,5g,4.5,12.99,30%,,
6805efb612d569ea3cf5c1aa,/public/assets/images/wh1.png,Garden of Life Biotin (30 Capsules),Solgar,Biotin,30 Capsules,0g,4,15.99,15%,,
6805efb612d569ea3cf5c1ab,/public/assets/images/wh1.png,Nature Made Magnesium (250g),Vital Proteins,Calcium,90 Capsules,0g,4.9,15.99,40%,,
6805efb612d569ea3cf5c1ac,/public/assets/images/wh3.png,Garden of Life Folic Acid (250g),Garden of Life,Biotin,250g,0g,4.2,29.99,25%,,
6805efb612d569ea3cf5c1ad,/public/assets/images/wh3.png,Solgar Biotin (90 Capsules),Garden of Life,Iron,30 Capsules,0g,4.7,25.99,30%,,
6805efb612d569ea3cf5c1ae,/public/assets/images/wh2.png,Nature Made Multivitamin (60 Capsules),Nature Made,Biotin,500mg,0g,4,12.99,40%,,
6805efb612d569ea3cf5c1af,/public/assets/images/wh3.png,Garden of Life Biotin (500mg),Vital Proteins,Folic Acid,60 Capsules,0g,4.9,19.99,40%,,
6805efb612d569ea3cf5c1b0,/public/assets/images/wh1.png,Vital Proteins Folic Acid (30 Capsules),Garden of Life,Magnesium,100g,0g,4.2,12.99,20%,,
6805efb612d569ea3cf5c1b1,/public/assets/images/wh2.png,Solgar Magnesium (250g),Vital Proteins,Magnesium,90 Capsules,0g,4.7,15.99,15%,,
6805efb612d569ea3cf5c1b2,/public/assets/images/wh2.png,Nature Made Vitamin D (500mg),Garden of Life,Biotin,100g,0g,4.9,29.99,20%,,
6805efb612d569ea3cf5c1b3,/public/assets/images/wh2.png,Nature Made Vitamin D (30 Capsules),Garden of Life,Folic Acid,500mg,0g,4.9,29.99,30%,,
6805efb612d569ea3cf5c1b4,/public/assets/images/wh1.png,Garden of Life Biotin (100g),Nature Made,Collagen,30 Capsules,5g,4.9,29.99,30%,,
6805efb612d569ea3cf5c1b5,/public/assets/images/wh1.png,Nature Made Biotin (250g),Vital Proteins,Biotin,250g,0g,4.9,15.99,25%,,
6805efb612d569ea3cf5c1b6,/public/assets/images/wh1.png,Vital Proteins Magnesium (250g),Vital Proteins,Multivitamin,100g,5g,4.2,19.99,25%,,
6805efb612d569ea3cf5c1b7,/public/assets/images/wh1.png,Solgar Magnesium (60 Capsules),Garden of Life,Folic Acid,500mg,0g,4.2,34.99,15%,,
6805efb612d569ea3cf5c1b8,/public/assets/images/wh3.png,Nature Made Biotin (100g),Vital Proteins,Vitamin D,250g,0g,4.5,29.99,40%,,
6805efb612d569ea3cf5c1b9,/public/assets/images/wh2.png,New Chapter Multivitamin (60 Capsules),New Chapter,Multivitamin,100g,5g,4.7,25.99,25%,,
6805efb612d569ea3cf5c1ba,/public/assets/images/wh3.png,Nature Made Iron (500mg),Solgar,Iron,30 Capsules,0g,4.2,15.99,25%,,
6805efb612d569ea3cf5c1bb,/public/assets/images/wh2.png,Solgar Magnesium (90 Capsules),Vital Proteins,Calcium,90 Capsules,0g,4.2,19.99,25%,,
6805efb612d569ea3cf5c1bc,/public/assets/images/wh1.png,Garden of Life Folic Acid (60 Capsules),Garden of Life,Calcium,100g,0g,4,25.99,40%,,
6805efb612d569ea3cf5c1bd,/public/assets/images/wh1.png,Solgar Iron (90 Capsules),Solgar,Magnesium,60 Capsules,0g,4.2,15.99,25%,,
6805efb612d569ea3cf5c1be,/public/assets/images/wh1.png,Vital Proteins Folic Acid (90 Capsules),Solgar,Vitamin D,90 Capsules,0g,4.2,29.99,20%,,
6805efb612d569ea3cf5c1bf,/public/assets/images/wh1.png,Garden of Life Magnesium (500mg),Nature Made,Collagen,100g,5g,4,12.99,15%,,
6805ee4512d569ea3cf5c128,/public/assets/images/ba1.png,BPI Sports L-Arginine - Mango (250g),BPI Sports,L-Arginine,250g,0g,4.2,44.54,30%,Mango,
6805ee4512d569ea3cf5c129,/public/assets/images/ba2.png,ON (Optimum Nutrition) BCAA - Mango (400g),ON (Optimum Nutrition),BCAA,400g,0g,3.8,49.22,10%,Mango,
6805ee4512d569ea3cf5c12a,/public/assets/images/ba3.png,Scivation Xtend EAA - Lime (60 servings),Scivation Xtend,EAA,60 servings,0g,4.5,39.3,15%,Lime,
6805ee4512d569ea3cf5c12b,/public/assets/images/ba2.png,ON (Optimum Nutrition) BCAA - Mango (300g),ON (Optimum Nutrition),BCAA,300g,0g,3.6,21.05,10%,Mango,
6805ee4512d569ea3cf5c12c,/public/assets/images/ba3.png,MuscleBlaze L-Carnitine - Fruit Punch (60 servings),MuscleBlaze,L-Carnitine,60 servings,0g,3.7,43.28,30%,Fruit Punch,
6805ee4512d569ea3cf5c12d,/public/assets/images/ba2.png,BPI Sports EAA - Mango (30 servings),BPI Sports,EAA,30 servings,0g,4.7,21.5,30%,Mango,
6805ee4512d569ea3cf5c12e,/public/assets/images/ba3.png,BPI Sports L-Carnitine - Mango (60 servings),BPI Sports,L-Carnitine,60 servings,0g,4,28.94,15%,Mango,
6805ee4512d569ea3cf5c12f,/public/assets/images/ba1.png,BPI Sports Glutamine - Lime (300g),BPI Sports,Glutamine,300g,0g,4,33.62,20%,Lime,
6805ee4512d569ea3cf5c130,/public/assets/images/ba2.png,Scivation Xtend L-Arginine - Fruit Punch (60 servings),Scivation Xtend,L-Arginine,60 servings,0g,3.9,43.43,15%,Fruit Punch,
6805ee4512d569ea3cf5c131,/public/assets/images/ba2.png,ON (Optimum Nutrition) Glutamine - Mango (250g),ON (Optimum Nutrition),Glutamine,250g,0g,4.7,20.22,25%,Mango,
6805ee4512d569ea3cf5c132,/public/assets/images/ba3.png,GNC L-Carnitine - Lime (30 servings),GNC,L-Carnitine,30 servings,0g,4.9,49.77,15%,Lime,
6805ee4512d569ea3cf5c133,/public/assets/images/ba3.png,Scivation Xtend Glutamine - Pineapple (60 servings),Scivation Xtend,Glutamine,60 servings,0g,4.3,48.88,20%,Pineapple,
6805ee4512d569ea3cf5c134,/public/assets/images/ba2.png,ON (Optimum Nutrition) BCAA - Fruit Punch (250g),ON (Optimum Nutrition),BCAA,250g,0g,4.7,45.1,15%,Fruit Punch,
6805ee4512d569ea3cf5c135,/public/assets/images/ba3.png,GNC EAA - Watermelon (400g),GNC,EAA,400g,0g,4.9,30.56,10%,Watermelon,
6805ee4512d569ea3cf5c136,/public/assets/images/ba3.png,BPI Sports EAA - Pineapple (30 servings),BPI Sports,EAA,30 servings,0g,3.7,44.74,25%,Pineapple,
6805ee4512d569ea3cf5c137,/public/assets/images/ba2.png,BPI Sports L-Carnitine - Pineapple (300g),BPI Sports,L-Carnitine,300g,0g,4.2,23.28,15%,Pineapple,
6805ee4512d569ea3cf5c138,/public/assets/images/ba3.png,GNC L-Arginine - Pineapple (60 servings),GNC,L-Arginine,60 servings,0g,3.7,27.74,30%,Pineapple,
6805ee4512d569ea3cf5c139,/public/assets/images/ba2.png,Scivation Xtend Glutamine - Lime (250g),Scivation Xtend,Glutamine,250g,0g,3.8,48.34,25%,Lime,
6805ee4512d569ea3cf5c13a,/public/assets/images/ba1.png,ON (Optimum Nutrition) L-Carnitine - Pineapple (300g),ON (Optimum Nutrition),L-Carnitine,300g,0g,4.7,49.02,10%,Pineapple,
6805ee4512d569ea3cf5c13b,/public/assets/images/ba3.png,Scivation Xtend Glutamine - Fruit Punch (400g),Scivation Xtend,Glutamine,400g,0g,3.8,28.56,10%,Fruit Punch,
6805ee4512d569ea3cf5c13c,/public/assets/images/ba2.png,GNC Glutamine - Fruit Punch (30 servings),GNC,Glutamine,30 servings,0g,4.5,28.72,25%,Fruit Punch,
6805ee4512d569ea3cf5c13d,/public/assets/images/ba2.png,Scivation Xtend EAA - Watermelon (30 servings),Scivation Xtend,EAA,30 servings,0g,4.1,46.71,30%,Watermelon,
6805ee4512d569ea3cf5c13e,/public/assets/images/ba3.png,BPI Sports EAA - Pineapple (30 servings),BPI Sports,EAA,30 servings,0g,3.6,34.67,30%,Pineapple,
6805ee4512d569ea3cf5c13f,/public/assets/images/ba2.png,GNC EAA - Mango (60 servings),GNC,EAA,60 servings,0g,4.8,29.15,25%,Mango,
6805ee4512d569ea3cf5c140,/public/assets/images/ba1.png,MuscleBlaze EAA - Watermelon (400g),MuscleBlaze,EAA,400g,0g,3.6,40.1,10%,Watermelon,
6805ee4512d569ea3cf5c141,/public/assets/images/ba3.png,Scivation Xtend L-Carnitine - Pineapple (60 servings),Scivation Xtend,L-Carnitine,60 servings,0g,3.6,53.98,20%,Pineapple,
6805ee4512d569ea3cf5c142,/public/assets/images/ba3.png,MuscleBlaze EAA - Lime (30 servings),MuscleBlaze,EAA,30 servings,0g,4.8,45.7,25%,Lime,
6805ee4512d569ea3cf5c143,/public/assets/images/ba1.png,MuscleBlaze L-Carnitine - Pineapple (250g),MuscleBlaze,L-Carnitine,250g,0g,4.8,27.24,20%,Pineapple,
6805ee4512d569ea3cf5c144,/public/assets/images/ba2.png,Scivation Xtend BCAA - Lime (60 servings),Scivation Xtend,BCAA,60 servings,0g,4.2,34.1,20%,Lime,
6805ee4512d569ea3cf5c145,/public/assets/images/ba2.png,GNC EAA - Mango (60 servings),GNC,EAA,60 servings,0g,4,39.26,25%,Mango,
6805ee4512d569ea3cf5c146,/public/assets/images/ba3.png,ON (Optimum Nutrition) Glutamine - Watermelon (30 servings),ON (Optimum Nutrition),Glutamine,30 servings,0g,3.5,43.22,10%,Watermelon,
6805ee4512d569ea3cf5c147,/public/assets/images/ba3.png,MuscleBlaze Glutamine - Fruit Punch (300g),MuscleBlaze,Glutamine,300g,0g,3.6,27.78,10%,Fruit Punch,
6805ee4512d569ea3cf5c148,/public/assets/images/ba1.png,ON (Optimum Nutrition) EAA - Lime (60 servings),ON (Optimum Nutrition),EAA,60 servings,0g,4.4,25.05,15%,Lime,
6805ee4512d569ea3cf5c149,/public/assets/images/ba3.png,ON (Optimum Nutrition) L-Carnitine - Pineapple (400g),ON (Optimum Nutrition),L-Carnitine,400g,0g,4,54.65,25%,Pineapple,
6805ee4512d569ea3cf5c14a,/public/assets/images/ba2.png,ON (Optimum Nutrition) L-Arginine - Mango (60 servings),ON (Optimum Nutrition),L-Arginine,60 servings,0g,4.3,49.09,30%,Mango,
6805ee4512d569ea3cf5c14b,/public/assets/images/ba3.png,MuscleBlaze Glutamine - Fruit Punch (30 servings),MuscleBlaze,Glutamine,30 servings,0g,3.9,28.06,30%,Fruit Punch,
6805ee4512d569ea3cf5c14c,/public/assets/images/ba3.png,GNC L-Carnitine - Watermelon (400g),GNC,L-Carnitine,400g,0g,4.3,42.53,20%,Watermelon,
6805ee4512d569ea3cf5c14d,/public/assets/images/ba1.png,Scivation Xtend BCAA - Fruit Punch (250g),Scivation Xtend,BCAA,250g,0g,3.8,27.34,25%,Fruit Punch,
6805ee4512d569ea3cf5c14e,/public/assets/images/ba1.png,BPI Sports EAA - Mango (400g),BPI Sports,EAA,400g,0g,4.5,51.9,20%,Mango,
6805ee4512d569ea3cf5c14f,/public/assets/images/ba3.png,GNC L-Carnitine - Pineapple (250g),GNC,L-Carnitine,250g,0g,3.6,28.83,25%,Pineapple,
6805ee4512d569ea3cf5c150,/public/assets/images/ba3.png,GNC L-Carnitine - Pineapple (60 servings),GNC,L-Carnitine,60 servings,0g,3.6,44.16,10%,Pineapple,
6805ee4512d569ea3cf5c151,/public/assets/images/ba1.png,ON (Optimum Nutrition) L-Carnitine - Watermelon (30 servings),ON (Optimum Nutrition),L-Carnitine,30 servings,0g,4.9,48.41,30%,Watermelon,
6805ee4512d569ea3cf5c152,/public/assets/images/ba1.png,GNC L-Arginine - Watermelon (60 servings),GNC,L-Arginine,60 servings,0g,3.6,54.85,30%,Watermelon,
6805ee4512d569ea3cf5c153,/public/assets/images/ba3.png,MuscleBlaze L-Arginine - Pineapple (250g),MuscleBlaze,L-Arginine,250g,0g,4.3,35.11,10%,Pineapple,
6805ee4512d569ea3cf5c154,/public/assets/images/ba2.png,Scivation Xtend BCAA - Fruit Punch (300g),Scivation Xtend,BCAA,300g,0g,4.3,40,15%,Fruit Punch,
6805ee4512d569ea3cf5c155,/public/assets/images/ba2.png,Scivation Xtend EAA - Pineapple (30 servings),Scivation Xtend,EAA,30 servings,0g,4.1,20.61,15%,Pineapple,
6805ee4512d569ea3cf5c156,/public/assets/images/ba2.png,GNC L-Carnitine - Lime (250g),GNC,L-Carnitine,250g,0g,4.5,21.7,30%,Lime,
6805ee4512d569ea3cf5c157,/public/assets/images/ba3.png,BPI Sports EAA - Fruit Punch (60 servings),BPI Sports,EAA,60 servings,0g,4.2,54.84,15%,Fruit Punch,
6805ee4512d569ea3cf5c158,/public/assets/images/ba1.png,BPI Sports BCAA - Fruit Punch (400g),BPI Sports,BCAA,400g,0g,4,48.18,20%,Fruit Punch,
6805ee4512d569ea3cf5c159,/public/assets/images/ba1.png,Scivation Xtend EAA - Mango (300g),Scivation Xtend,EAA,300g,0g,4,44.72,10%,Mango,
67f64314ab4358bc4ec39278,/public/assets/images/wheyprotein3.png,Bodybuilding.com Signature Whey Protein - Vanilla (20 servings),Bodybuilding.com,Whey Hydrolysate,20 servings,23g,4,25.8,25%,Vanilla,https://via.placeholder.com/300x200/EFEFEF/000000?text=Bodybuilding.com+Vanilla
67f64314ab4358bc4ec39279,/public/assets/images/wheyprotein.png,Transparent Labs Grass-Fed Whey Protein - Mocha (1 lb),Transparent,Blend,1 lb,23g,3.7,37.07,10%,Mocha,https://via.placeholder.com/300x200/EFEFEF/000000?text=Transparent+Mocha
67f64314ab4358bc4ec3927a,/public/assets/images/wheyprotein2.png,Dymatize ISO100 Whey Protein - Cookies & Cream (5 lb),Dymatize,Whey Concentrate,5 lb,27g,4.3,31.53,20%,Cookies & Cream,https://via.placeholder.com/300x200/EFEFEF/000000?text=Dymatize+Cookies & Cream
67f64314ab4358bc4ec3927b,/public/assets/images/wheyprotein3.png,BSN Syntha-6 Whey Protein - Cinnamon Toast (2 lb),BSN,Whey Hydrolysate,2 lb,25g,4.9,59.25,12%,Cinnamon Toast,https://via.placeholder.com/300x200/EFEFEF/000000?text=BSN+Cinnamon Toast
67f64314ab4358bc4ec3927c,/public/assets/images/wheyprotein3.png,Dymatize ISO100 Whey Protein - Chocolate (10 servings),Dymatize,Blend,10 servings,27g,4.4,79.07,10%,Chocolate,https://via.placeholder.com/300x200/EFEFEF/000000?text=Dymatize+Chocolate
67f64314ab4358bc4ec3927d,/public/assets/images/wheyprotein.png,MyProtein Impact Whey Protein - Strawberry (1 lb),MyProtein,Whey Isolate,1 lb,27g,4.2,33.5,25%,Strawberry,https://via.placeholder.com/300x200/EFEFEF/000000?text=MyProtein+Strawberry
67f64314ab4358bc4ec3927e,/public/assets/images/wheyprotein2.png,GNC Pro Performance Whey Protein - Vanilla (2 lb),GNC,Whey Hydrolysate,2 lb,29g,4.7,78.8,20%,Vanilla,https://via.placeholder.com/300x200/EFEFEF/000000?text=GNC+Vanilla
67f64314ab4358bc4ec3927f,/public/assets/images/wheyprotein.png,Orgain Organic Whey Protein - Peanut Butter (2 lb),Orgain,Whey Hydrolysate,2 lb,28g,4.7,27.5,10%,Peanut Butter,https://via.placeholder.com/300x200/EFEFEF/000000?text=Orgain+Peanut Butter
67f64314ab4358bc4ec39280,/public/assets/images/wheyprotein.png,Garden of Life Sport Whey Protein - Unflavored (1 lb),Garden,Blend,1 lb,20g,4.2,79.02,20%,Unflavored,https://via.placeholder.com/300x200/EFEFEF/000000?text=Garden+Unflavored
67f64314ab4358bc4ec39281,/public/assets/images/wheyprotein3.png,Ghost Whey Whey Protein - Unflavored (10 servings),Ghost,Blend,10 servings,25g,4.9,46,20%,Unflavored,https://via.placeholder.com/300x200/EFEFEF/000000?text=Ghost+Unflavored
67f64314ab4358bc4ec39282,/public/assets/images/wheyprotein2.png,Isopure Zero Carb Whey Protein - Vanilla (5 lb),Isopure,Blend,5 lb,26g,4.9,26.69,15%,Vanilla,https://via.placeholder.com/300x200/EFEFEF/000000?text=Isopure+Vanilla
67f64314ab4358bc4ec39283,/public/assets/images/wheyprotein3.png,GNC Pro Performance Whey Protein - Banana (20 servings),GNC,Whey Concentrate,20 servings,30g,4.8,27.33,15%,Banana,https://via.placeholder.com/300x200/EFEFEF/000000?text=GNC+Banana
67f64314ab4358bc4ec39284,/public/assets/images/wheyprotein.png,BSN Syntha-6 Whey Protein - Unflavored (5 lb),BSN,Whey Concentrate,5 lb,27g,4.5,58.86,10%,Unflavored,https://via.placeholder.com/300x200/EFEFEF/000000?text=BSN+Unflavored
67f64314ab4358bc4ec39285,/public/assets/images/wheyprotein3.png,GNC Pro Performance Whey Protein - Unflavored (10 servings),GNC,Blend,10 servings,21g,3.5,37.34,25%,Unflavored,https://via.placeholder.com/300x200/EFEFEF/000000?text=GNC+Unflavored
67f64314ab4358bc4ec39286,/public/assets/images/wheyprotein3.png,Isopure Zero Carb Whey Protein - Cinnamon Toast (2 lb),Isopure,Whey Concentrate,2 lb,27g,4.2,33.36,12%,Cinnamon Toast,https://via.placeholder.com/300x200/EFEFEF/000000?text=Isopure+Cinnamon Toast
67f64314ab4358bc4ec39287,/public/assets/images/wheyprotein2.png,MuscleTech NitroTech Whey Protein - Chocolate (1 lb),MuscleTech,Whey Concentrate,1 lb,20g,4.2,71.15,20%,Chocolate,https://via.placeholder.com/300x200/EFEFEF/000000?text=MuscleTech+Chocolate
67f64314ab4358bc4ec39288,/public/assets/images/wheyprotein.png,RSP AminoLean Whey Protein - Strawberry (2 lb),RSP,Whey Concentrate,2 lb,26g,4.2,40.21,25%,Strawberry,https://via.placeholder.com/300x200/EFEFEF/000000?text=RSP+Strawberry
67f64314ab4358bc4ec39289,/public/assets/images/wheyprotein.png,GNC Pro Performance Whey Protein - Pumpkin Spice (10 servings),GNC,Whey Isolate,10 servings,27g,5,42.1,25%,Pumpkin Spice,https://via.placeholder.com/300x200/EFEFEF/000000?text=GNC+Pumpkin Spice
67f64314ab4358bc4ec3928a,/public/assets/images/wheyprotein.png,Garden of Life Sport Whey Protein - Strawberry (20 servings),Garden,Whey Hydrolysate,20 servings,27g,4.2,42.41,15%,Strawberry,https://via.placeholder.com/300x200/EFEFEF/000000?text=Garden+Strawberry
67f64314ab4358bc4ec3928b,/public/assets/images/wheyprotein.png,Ghost Whey Whey Protein - Cookies & Cream (10 servings),Ghost,Whey Isolate,10 servings,28g,4.9,39.54,25%,Cookies & Cream,https://via.placeholder.com/300x200/EFEFEF/000000?text=Ghost+Cookies & Cream
67f64314ab4358bc4ec3928c,/public/assets/images/wheyprotein2.png,Dymatize ISO100 Whey Protein - Cookies & Cream (2 lb),Dymatize,Whey Concentrate,2 lb,20g,3.6,37.54,12%,Cookies & Cream,https://via.placeholder.com/300x200/EFEFEF/000000?text=Dymatize+Cookies & Cream
67f64314ab4358bc4ec3928d,/public/assets/images/wheyprotein3.png,MyProtein Impact Whey Protein - Cinnamon Toast (1 lb),MyProtein,Whey Concentrate,1 lb,24g,3.8,68.46,25%,Cinnamon Toast,https://via.placeholder.com/300x200/EFEFEF/000000?text=MyProtein+Cinnamon Toast
67f64314ab4358bc4ec3928e,/public/assets/images/wheyprotein.png,BSN Syntha-6 Whey Protein - Chocolate (20 servings),BSN,Whey Concentrate,20 servings,21g,3.9,69.87,25%,Chocolate,https://via.placeholder.com/300x200/EFEFEF/000000?text=BSN+Chocolate
67f64314ab4358bc4ec3928f,/public/assets/images/wheyprotein3.png,Ghost Whey Whey Protein - Mocha (10 servings),Ghost,Whey Isolate,10 servings,24g,4.6,69.07,10%,Mocha,https://via.placeholder.com/300x200/EFEFEF/000000?text=Ghost+Mocha
67f64314ab4358bc4ec39290,/public/assets/images/wheyprotein.png,MuscleMilk Genuine Whey Protein - Birthday Cake (20 servings),MuscleMilk,Blend,20 servings,20g,4.6,34.73,12%,Birthday Cake,https://via.placeholder.com/300x200/EFEFEF/000000?text=MuscleMilk+Birthday Cake
67f64314ab4358bc4ec39291,/public/assets/images/wheyprotein.png,Dymatize ISO100 Whey Protein - Cookies & Cream (20 servings),Dymatize,Whey Hydrolysate,20 servings,23g,3.8,33.93,12%,Cookies & Cream,https://via.placeholder.com/300x200/EFEFEF/000000?text=Dymatize+Cookies & Cream
67f64314ab4358bc4ec39292,/public/assets/images/wheyprotein3.png,GNC Pro Performance Whey Protein - Chocolate (2 lb),GNC,Whey Isolate,2 lb,27g,4.6,63.96,20%,Chocolate,https://via.placeholder.com/300x200/EFEFEF/000000?text=GNC+Chocolate
67f64314ab4358bc4ec39293,/public/assets/images/wheyprotein3.png,MyProtein Impact Whey Protein - Mocha (20 servings),MyProtein,Whey Hydrolysate,20 servings,26g,4.4,74.72,10%,Mocha,https://via.placeholder.com/300x200/EFEFEF/000000?text=MyProtein+Mocha
67f64314ab4358bc4ec39294,/public/assets/images/wheyprotein.png,Dymatize ISO100 Whey Protein - Unflavored (1 lb),Dymatize,Whey Isolate,1 lb,27g,3.8,51.08,25%,Unflavored,https://via.placeholder.com/300x200/EFEFEF/000000?text=Dymatize+Unflavored
67f64314ab4358bc4ec39295,/public/assets/images/wheyprotein.png,MuscleMilk Genuine Whey Protein - Birthday Cake (2 lb),MuscleMilk,Whey Hydrolysate,2 lb,26g,4.8,47.06,15%,Birthday Cake,https://via.placeholder.com/300x200/EFEFEF/000000?text=MuscleMilk+Birthday Cake
67f64314ab4358bc4ec39296,/public/assets/images/wheyprotein2.png,MuscleTech NitroTech Whey Protein - Strawberry (20 servings),MuscleTech,Whey Hydrolysate,20 servings,22g,4.4,61.36,12%,Strawberry,https://via.placeholder.com/300x200/EFEFEF/000000?text=MuscleTech+Strawberry
67f64314ab4358bc4ec39297,/public/assets/images/wheyprotein2.png,Ghost Whey Whey Protein - Peanut Butter (5 lb),Ghost,Whey Isolate,5 lb,28g,3.7,77.35,12%,Peanut Butter,https://via.placeholder.com/300x200/EFEFEF/000000?text=Ghost+Peanut Butter
67f64314ab4358bc4ec39298,/public/assets/images/wheyprotein2.png,Bodybuilding.com Signature Whey Protein - Cookies & Cream (10 servings),Bodybuilding.com,Blend,10 servings,25g,4.1,72.84,25%,Cookies & Cream,https://via.placeholder.com/300x200/EFEFEF/000000?text=Bodybuilding.com+Cookies & Cream
67f64314ab4358bc4ec39299,/public/assets/images/wheyprotein3.png,Optimum Nutrition Gold Standard Whey Protein - Cookies & Cream (10 servings),Optimum,Whey Concentrate,10 servings,29g,4.2,52.43,12%,Cookies & Cream,https://via.placeholder.com/300x200/EFEFEF/000000?text=Optimum+Cookies & Cream
67f64314ab4358bc4ec3929a,/public/assets/images/wheyprotein2.png,Dymatize ISO100 Whey Protein - Banana (20 servings),Dymatize,Whey Concentrate,20 servings,30g,3.9,38.54,10%,Banana,https://via.placeholder.com/300x200/EFEFEF/000000?text=Dymatize+Banana
67f64314ab4358bc4ec3929b,/public/assets/images/wheyprotein2.png,Dymatize ISO100 Whey Protein - Mocha (20 servings),Dymatize,Whey Hydrolysate,20 servings,30g,3.7,62.64,25%,Mocha,https://via.placeholder.com/300x200/EFEFEF/000000?text=Dymatize+Mocha
67f64314ab4358bc4ec3929c,/public/assets/images/wheyprotein2.png,MuscleMilk Genuine Whey Protein - Strawberry (2 lb),MuscleMilk,Whey Concentrate,2 lb,26g,4.6,76.19,20%,Strawberry,https://via.placeholder.com/300x200/EFEFEF/000000?text=MuscleMilk+Strawberry
67f64314ab4358bc4ec3929d,/public/assets/images/wheyprotein3.png,Ghost Whey Whey Protein - Birthday Cake (1 lb),Ghost,Whey Isolate,1 lb,20g,4.4,51.34,25%,Birthday Cake,https://via.placeholder.com/300x200/EFEFEF/000000?text=Ghost+Birthday Cake
67f64314ab4358bc4ec3929e,/public/assets/images/wheyprotein2.png,Ghost Whey Whey Protein - Strawberry (20 servings),Ghost,Whey Isolate,20 servings,23g,4.2,31.52,25%,Strawberry,https://via.placeholder.com/300x200/EFEFEF/000000?text=Ghost+Strawberry
67f64314ab4358bc4ec3929f,/public/assets/images/wheyprotein2.png,Optimum Nutrition Gold Standard Whey Protein - Cookies & Cream (5 lb),Optimum,Whey Concentrate,5 lb,25g,3.5,57.09,10%,Cookies & Cream,https://via.placeholder.com/300x200/EFEFEF/000000?text=Optimum+Cookies & Cream
67f64314ab4358bc4ec392a0,/public/assets/images/wheyprotein2.png,Ghost Whey Whey Protein - Vanilla (2 lb),Ghost,Whey Concentrate,2 lb,28g,4.9,43.41,12%,Vanilla,https://via.placeholder.com/300x200/EFEFEF/000000?text=Ghost+Vanilla
67f64314ab4358bc4ec392a1,/public/assets/images/wheyprotein3.png,Optimum Nutrition Gold Standard Whey Protein - Mocha (10 servings),Optimum,Whey Concentrate,10 servings,24g,4.1,25.93,15%,Mocha,https://via.placeholder.com/300x200/EFEFEF/000000?text=Optimum+Mocha
67f64314ab4358bc4ec392a2,/public/assets/images/wheyprotein3.png,Transparent Labs Grass-Fed Whey Protein - Peanut Butter (1 lb),Transparent,Whey Hydrolysate,1 lb,22g,4.2,75.63,20%,Peanut Butter,https://via.placeholder.com/300x200/EFEFEF/000000?text=Transparent+Peanut Butter
67f64314ab4358bc4ec392a3,/public/assets/images/wheyprotein.png,Optimum Nutrition Gold Standard Whey Protein - Birthday Cake (2 lb),Optimum,Whey Hydrolysate,2 lb,28g,4.3,50.27,12%,Birthday Cake,https://via.placeholder.com/300x200/EFEFEF/000000?text=Optimum+Birthday Cake
67f64314ab4358bc4ec392a4,/public/assets/images/wheyprotein3.png,Isopure Zero Carb Whey Protein - Pumpkin Spice (1 lb),Isopure,Blend,1 lb,25g,4.9,63.94,12%,Pumpkin Spice,https://via.placeholder.com/300x200/EFEFEF/000000?text=Isopure+Pumpkin Spice
67f64314ab4358bc4ec392a5,/public/assets/images/wheyprotein.png,Bodybuilding.com Signature Whey Protein - Cinnamon Toast (1 lb),Bodybuilding.com,Whey Concentrate,1 lb,29g,4.1,27,12%,Cinnamon Toast,https://via.placeholder.com/300x200/EFEFEF/000000?text=Bodybuilding.com+Cinnamon Toast
67f64314ab4358bc4ec392a6,/public/assets/images/wheyprotein.png,Orgain Organic Whey Protein - Strawberry (5 lb),Orgain,Blend,5 lb,22g,4.3,63.32,25%,Strawberry,https://via.placeholder.com/300x200/EFEFEF/000000?text=Orgain+Strawberry
67f64314ab4358bc4ec392a7,/public/assets/images/wheyprotein.png,Orgain Organic Whey Protein - Vanilla (20 servings),Orgain,Whey Concentrate,20 servings,29g,4.6,41.53,10%,Vanilla,https://via.placeholder.com/300x200/EFEFEF/000000?text=Orgain+Vanilla
67f64314ab4358bc4ec392a8,/public/assets/images/wheyprotein3.png,MuscleMilk Genuine Whey Protein - Vanilla (20 servings),MuscleMilk,Blend,20 servings,27g,4,69.51,20%,Vanilla,https://via.placeholder.com/300x200/EFEFEF/000000?text=MuscleMilk+Vanilla
67f64314ab4358bc4ec392a9,/public/assets/images/wheyprotein2.png,MuscleTech NitroTech Whey Protein - Chocolate (10 servings),MuscleTech,Whey Isolate,10 servings,23g,4,76.75,25%,Chocolate,https://via.placeholder.com/300x200/EFEFEF/000000?text=MuscleTech+Chocolate
6805ed3312d569ea3cf5c0f5,/public/assets/images/wm3.png,Nutrex Fat Burner - Cafe Mocha (30 servings),Nutrex,Fat Burner,30 servings,0g,4.1,42.47,30%,Cafe Mocha,
6805ed3312d569ea3cf5c0f6,/public/assets/images/wm2.png,Nutrex Metabolism Booster - Vanilla (90 tablets),Nutrex,Metabolism Booster,90 tablets,0g,4.6,26.34,20%,Vanilla,
6805ed3312d569ea3cf5c0f7,/public/assets/images/wm3.png,Labrada Appetite Suppressant - Chocolate (60 capsules),Labrada,Appetite Suppressant,60 capsules,0g,4.3,28.48,15%,Chocolate,
6805ed3312d569ea3cf5c0f8,/public/assets/images/wm3.png,Herbalife Meal Replacement - Chocolate (90 tablets),Herbalife,Meal Replacement,90 tablets,0g,3.9,21.58,15%,Chocolate,
6805ed3312d569ea3cf5c0f9,/public/assets/images/wm3.png,Labrada Appetite Suppressant - Cafe Mocha (90 tablets),Labrada,Appetite Suppressant,90 tablets,0g,4.1,17.47,10%,Cafe Mocha,
6805ed3312d569ea3cf5c0fa,/public/assets/images/wm3.png,MuscleTech Meal Replacement - Vanilla (60 capsules),MuscleTech,Meal Replacement,60 capsules,0g,4.4,32.24,15%,Vanilla,
6805ed3312d569ea3cf5c0fb,/public/assets/images/wm3.png,Nutrex Meal Replacement - Chocolate (90 tablets),Nutrex,Meal Replacement,90 tablets,0g,4.6,18.33,15%,Chocolate,
6805ed3312d569ea3cf5c0fc,/public/assets/images/wm1.png,Herbalife Fat Burner - Cafe Mocha (60 capsules),Herbalife,Fat Burner,60 capsules,0g,4.9,19.58,25%,Cafe Mocha,
6805ed3312d569ea3cf5c0fd,/public/assets/images/wm1.png,MuscleTech Fat Burner - Strawberry (90 tablets),MuscleTech,Fat Burner,90 tablets,0g,3.7,21.87,10%,Strawberry,
6805ed3312d569ea3cf5c0fe,/public/assets/images/wm1.png,MuscleTech Meal Replacement - Unflavored (500g),MuscleTech,Meal Replacement,500g,0g,4.1,49.21,20%,Unflavored,
6805ed3312d569ea3cf5c0ff,/public/assets/images/wm1.png,MuscleTech Meal Replacement - Cafe Mocha (30 servings),MuscleTech,Meal Replacement,30 servings,0g,4,28.23,10%,Cafe Mocha,
6805ed3312d569ea3cf5c100,/public/assets/images/wm3.png,GNC Meal Replacement - Chocolate (1kg),GNC,Meal Replacement,1kg,0g,3.8,34.72,25%,Chocolate,
6805ed3312d569ea3cf5c101,/public/assets/images/wm1.png,Herbalife Meal Replacement - Vanilla (1kg),Herbalife,Meal Replacement,1kg,0g,3.5,19.51,25%,Vanilla,
6805ed3312d569ea3cf5c102,/public/assets/images/wm1.png,MuscleTech Metabolism Booster - Chocolate (1kg),MuscleTech,Metabolism Booster,1kg,0g,3.5,31.41,20%,Chocolate,
6805ed3312d569ea3cf5c103,/public/assets/images/wm3.png,MuscleTech Fat Burner - Chocolate (1kg),MuscleTech,Fat Burner,1kg,0g,4.8,38.04,20%,Chocolate,
6805ed3312d569ea3cf5c104,/public/assets/images/wm1.png,GNC Fat Burner - Vanilla (30 servings),GNC,Fat Burner,30 servings,0g,3.8,49.75,10%,Vanilla,
6805ed3312d569ea3cf5c105,/public/assets/images/wm3.png,GNC Metabolism Booster - Unflavored (500g),GNC,Metabolism Booster,500g,0g,4.8,24.75,15%,Unflavored,
6805ed3312d569ea3cf5c106,/public/assets/images/wm1.png,MuscleTech Metabolism Booster - Strawberry (500g),MuscleTech,Metabolism Booster,500g,0g,4.3,43.88,15%,Strawberry,
6805ed3312d569ea3cf5c107,/public/assets/images/wm3.png,GNC Meal Replacement - Chocolate (30 servings),GNC,Meal Replacement,30 servings,0g,4.5,46.84,20%,Chocolate,
6805ed3312d569ea3cf5c108,/public/assets/images/wm3.png,Labrada Meal Replacement - Unflavored (1kg),Labrada,Meal Replacement,1kg,0g,4.8,47.78,20%,Unflavored,
6805ed3312d569ea3cf5c109,/public/assets/images/wm1.png,Herbalife Meal Replacement - Cafe Mocha (30 servings),Herbalife,Meal Replacement,30 servings,0g,4.9,41.63,30%,Cafe Mocha,
6805ed3312d569ea3cf5c10a,/public/assets/images/wm1.png,Nutrex Metabolism Booster - Vanilla (60 capsules),Nutrex,Metabolism Booster,60 capsules,0g,4.9,33.64,20%,Vanilla,
6805ed3312d569ea3cf5c10b,/public/assets/images/wm1.png,Labrada Metabolism Booster - Chocolate (1kg),Labrada,Metabolism Booster,1kg,0g,3.8,43.64,10%,Chocolate,
6805ed3312d569ea3cf5c10c,/public/assets/images/wm3.png,Nutrex Metabolism Booster - Cafe Mocha (30 servings),Nutrex,Metabolism Booster,30 servings,0g,4.4,32.55,10%,Cafe Mocha,
6805ed3312d569ea3cf5c10d,/public/assets/images/wm2.png,GNC Metabolism Booster - Cafe Mocha (60 capsules),GNC,Metabolism Booster,60 capsules,0g,4.9,41.33,30%,Cafe Mocha,
6805ed3312d569ea3cf5c10e,/public/assets/images/wm1.png,Nutrex Meal Replacement - Unflavored (90 tablets),Nutrex,Meal Replacement,90 tablets,0g,3.7,19.14,25%,Unflavored,
6805ed3312d569ea3cf5c10f,/public/assets/images/wm3.png,Nutrex Metabolism Booster - Strawberry (500g),Nutrex,Metabolism Booster,500g,0g,5,26.23,30%,Strawberry,
6805ed3312d569ea3cf5c110,/public/assets/images/wm1.png,GNC Fat Burner - Vanilla (60 capsules),GNC,Fat Burner,60 capsules,0g,4.8,38.68,10%,Vanilla,
6805ed3312d569ea3cf5c111,/public/assets/images/wm2.png,Herbalife Meal Replacement - Vanilla (1kg),Herbalife,Meal Replacement,1kg,0g,4,41.21,20%,Vanilla,
6805ed3312d569ea3cf5c112,/public/assets/images/wm2.png,GNC Meal Replacement - Vanilla (30 servings),GNC,Meal Replacement,30 servings,0g,3.8,27.56,25%,Vanilla,
6805ed3312d569ea3cf5c113,/public/assets/images/wm3.png,Herbalife Fat Burner - Chocolate (90 tablets),Herbalife,Fat Burner,90 tablets,0g,4.2,25.88,20%,Chocolate,
6805ed3312d569ea3cf5c114,/public/assets/images/wm1.png,MuscleTech Fat Burner - Unflavored (1kg),MuscleTech,Fat Burner,1kg,0g,4.8,32.16,20%,Unflavored,
6805ed3312d569ea3cf5c115,/public/assets/images/wm3.png,Labrada Meal Replacement - Strawberry (30 servings),Labrada,Meal Replacement,30 servings,0g,4.2,18.29,20%,Strawberry,
6805ed3312d569ea3cf5c116,/public/assets/images/wm2.png,Nutrex Appetite Suppressant - Unflavored (60 capsules),Nutrex,Appetite Suppressant,60 capsules,0g,4.3,46.86,15%,Unflavored,
6805ed3312d569ea3cf5c117,/public/assets/images/wm2.png,Labrada Metabolism Booster - Unflavored (90 tablets),Labrada,Metabolism Booster,90 tablets,0g,4.1,18.51,10%,Unflavored,
6805ed3312d569ea3cf5c118,/public/assets/images/wm2.png,Labrada Appetite Suppressant - Chocolate (90 tablets),Labrada,Appetite Suppressant,90 tablets,0g,4.5,23.83,15%,Chocolate,
6805ed3312d569ea3cf5c119,/public/assets/images/wm2.png,Labrada Appetite Suppressant - Cafe Mocha (90 tablets),Labrada,Appetite Suppressant,90 tablets,0g,4.2,37.88,15%,Cafe Mocha,
6805ed3312d569ea3cf5c11a,/public/assets/images/wm2.png,Herbalife Fat Burner - Vanilla (1kg),Herbalife,Fat Burner,1kg,0g,3.7,20.64,25%,Vanilla,
6805ed3312d569ea3cf5c11b,/public/assets/images/wm1.png,GNC Fat Burner - Strawberry (60 capsules),GNC,Fat Burner,60 capsules,0g,5,47.36,25%,Strawberry,
6805ed3312d569ea3cf5c11c,/public/assets/images/wm3.png,Labrada Appetite Suppressant - Chocolate (90 tablets),Labrada,Appetite Suppressant,90 tablets,0g,3.8,46.54,15%,Chocolate,
6805ed3312d569ea3cf5c11d,/public/assets/images/wm1.png,MuscleTech Fat Burner - Cafe Mocha (500g),MuscleTech,Fat Burner,500g,0g,3.5,39.61,10%,Cafe Mocha,
6805ed3312d569ea3cf5c11e,/public/assets/images/wm2.png,Nutrex Fat Burner - Chocolate (60 capsules),Nutrex,Fat Burner,60 capsules,0g,3.8,19.28,10%,Chocolate,
6805ed3312d569ea3cf5c11f,/public/assets/images/wm3.png,MuscleTech Appetite Suppressant - Vanilla (30 servings),MuscleTech,Appetite Suppressant,30 servings,0g,3.9,41.87,20%,Vanilla,
6805ed3312d569ea3cf5c120,/public/assets/images/wm1.png,Nutrex Fat Burner - Cafe Mocha (60 capsules),Nutrex,Fat Burner,60 capsules,0g,4.1,24.16,30%,Cafe Mocha,
6805ed3312d569ea3cf5c121,/public/assets/images/wm3.png,GNC Appetite Suppressant - Strawberry (30 servings),GNC,Appetite Suppressant,30 servings,0g,3.8,35.48,20%,Strawberry,
6805ed3312d569ea3cf5c122,/public/assets/images/wm1.png,Herbalife Appetite Suppressant - Strawberry (500g),Herbalife,Appetite Suppressant,500g,0g,4.4,20.86,25%,Strawberry,
6805ed3312d569ea3cf5c123,/public/assets/images/wm2.png,MuscleTech Fat Burner - Unflavored (500g),MuscleTech,Fat Burner,500g,0g,4.6,30.58,30%,Unflavored,
6805ed3312d569ea3cf5c124,/public/assets/images/wm2.png,MuscleTech Fat Burner - Chocolate (500g),MuscleTech,Fat Burner,500g,0g,4.3,20.56,15%,Chocolate,
6805ed3312d569ea3cf5c125,/public/assets/images/wm2.png,Labrada Metabolism Booster - Strawberry (60 capsules),Labrada,Metabolism Booster,60 capsules,0g,4.7,40.35,30%,Strawberry,
6805ed3312d569ea3cf5c126,/public/assets/images/wm2.png,GNC Meal Replacement - Cafe Mocha (500g),GNC,Meal Replacement,500g,0g,4.6,49.37,30%,Cafe Mocha,
6805eb0812d569ea3cf5c08f,/public/assets/images/vitamins_minerals2.png,Nature’s Bounty Calcium - Unflavored (60 tablets),Nature’s Bounty,Calcium,60 tablets,0g,4.1,25.19,25%,Unflavored,
6805eb0812d569ea3cf5c090,/public/assets/images/vitamins_minerals.png,Himalaya Multivitamin - Berry (90 capsules),Himalaya,Multivitamin,90 capsules,0g,4.8,19.75,15%,Berry,
6805eb0812d569ea3cf5c091,/public/assets/images/vitamins_minerals2.png,Himalaya Mineral Supplement - Lemon (120 softgels),Himalaya,Mineral Supplement,120 softgels,0g,4,18.42,20%,Lemon,
6805eb0812d569ea3cf5c092,/public/assets/images/vitamins_minerals2.png,Himalaya Calcium - Lemon (90 capsules),Himalaya,Calcium,90 capsules,0g,4.2,28.29,25%,Lemon,
6805eb0812d569ea3cf5c093,/public/assets/images/vitamins_minerals.png,GNC Vitamin D3 - Lemon (90 capsules),GNC,Vitamin D3,90 capsules,0g,4,39.42,30%,Lemon,
6805eb0812d569ea3cf5c094,/public/assets/images/vitamins_minerals.png,Nature’s Bounty Multivitamin - Mint (30 tablets),Nature’s Bounty,Multivitamin,30 tablets,0g,4.4,15.96,10%,Mint,
6805eb0812d569ea3cf5c095,/public/assets/images/vitamins_minerals3.png,NOW Foods Omega-3 - Unflavored (60 tablets),NOW Foods,Omega-3,60 tablets,0g,4.4,28.84,10%,Unflavored,
6805eb0812d569ea3cf5c096,/public/assets/images/vitamins_minerals.png,Himalaya Vitamin D3 - Berry (60 tablets),Himalaya,Vitamin D3,60 tablets,0g,4.1,36.91,20%,Berry,
6805eb0812d569ea3cf5c097,/public/assets/images/vitamins_minerals.png,HealthVit Omega-3 - Orange (120 softgels),HealthVit,Omega-3,120 softgels,0g,3.9,31.12,15%,Orange,
6805eb0812d569ea3cf5c098,/public/assets/images/vitamins_minerals.png,GNC Mineral Supplement - Lemon (120 softgels),GNC,Mineral Supplement,120 softgels,0g,4,31.14,25%,Lemon,
6805eb0812d569ea3cf5c099,/public/assets/images/vitamins_minerals.png,Nature’s Bounty Omega-3 - Unflavored (120 softgels),Nature’s Bounty,Omega-3,120 softgels,0g,4.8,16.57,15%,Unflavored,
6805eb0812d569ea3cf5c09a,/public/assets/images/vitamins_minerals3.png,Himalaya Calcium - Orange (30 tablets),Himalaya,Calcium,30 tablets,0g,4.8,15.43,15%,Orange,
6805eb0812d569ea3cf5c09b,/public/assets/images/vitamins_minerals3.png,Nature’s Bounty Multivitamin - Lemon (120 softgels),Nature’s Bounty,Multivitamin,120 softgels,0g,4.9,32.95,10%,Lemon,
6805eb0812d569ea3cf5c09c,/public/assets/images/vitamins_minerals.png,Nature’s Bounty Calcium - Berry (60 tablets),Nature’s Bounty,Calcium,60 tablets,0g,4.8,10.3,15%,Berry,
6805eb0812d569ea3cf5c09d,/public/assets/images/vitamins_minerals3.png,HealthVit Mineral Supplement - Unflavored (60 tablets),HealthVit,Mineral Supplement,60 tablets,0g,4,27.22,25%,Unflavored,
6805eb0812d569ea3cf5c09e,/public/assets/images/vitamins_minerals.png,NOW Foods Multivitamin - Mint (120 softgels),NOW Foods,Multivitamin,120 softgels,0g,3.6,28.44,10%,Mint,
6805eb0812d569ea3cf5c09f,/public/assets/images/vitamins_minerals.png,Nature’s Bounty Calcium - Orange (60 tablets),Nature’s Bounty,Calcium,60 tablets,0g,4.4,31.7,30%,Orange,
6805eb0812d569ea3cf5c0a0,/public/assets/images/vitamins_minerals.png,NOW Foods Mineral Supplement - Berry (30 tablets),NOW Foods,Mineral Supplement,30 tablets,0g,4.7,13.55,20%,Berry,
6805eb0812d569ea3cf5c0a1,/public/assets/images/vitamins_minerals2.png,Nature’s Bounty Vitamin D3 - Mint (120 softgels),Nature’s Bounty,Vitamin D3,120 softgels,0g,4.9,39.01,25%,Mint,
6805eb0812d569ea3cf5c0a2,/public/assets/images/vitamins_minerals3.png,GNC Vitamin D3 - Lemon (30 tablets),GNC,Vitamin D3,30 tablets,0g,4.4,12.58,25%,Lemon,
6805eb0812d569ea3cf5c0a3,/public/assets/images/vitamins_minerals.png,GNC Vitamin D3 - Unflavored (30 tablets),GNC,Vitamin D3,30 tablets,0g,4.5,18.61,30%,Unflavored,
6805eb0812d569ea3cf5c0a4,/public/assets/images/vitamins_minerals3.png,HealthVit Calcium - Unflavored (60 tablets),HealthVit,Calcium,60 tablets,0g,4.9,26.34,30%,Unflavored,
6805eb0812d569ea3cf5c0a5,/public/assets/images/vitamins_minerals3.png,HealthVit Multivitamin - Lemon (30 tablets),HealthVit,Multivitamin,30 tablets,0g,5,17.3,20%,Lemon,
6805eb0812d569ea3cf5c0a6,/public/assets/images/vitamins_minerals.png,Nature’s Bounty Vitamin D3 - Berry (120 softgels),Nature’s Bounty,Vitamin D3,120 softgels,0g,4.3,16.82,15%,Berry,
6805eb0812d569ea3cf5c0a7,/public/assets/images/vitamins_minerals3.png,Himalaya Mineral Supplement - Mint (30 tablets),Himalaya,Mineral Supplement,30 tablets,0g,4.2,31.17,30%,Mint,
6805eb0812d569ea3cf5c0a8,/public/assets/images/vitamins_minerals2.png,NOW Foods Omega-3 - Unflavored (90 capsules),NOW Foods,Omega-3,90 capsules,0g,4,18.11,15%,Unflavored,
6805eb0812d569ea3cf5c0a9,/public/assets/images/vitamins_minerals.png,Himalaya Vitamin D3 - Mint (120 softgels),Himalaya,Vitamin D3,120 softgels,0g,4.8,18.62,25%,Mint,
6805eb0812d569ea3cf5c0aa,/public/assets/images/vitamins_minerals2.png,Himalaya Mineral Supplement - Orange (120 softgels),Himalaya,Mineral Supplement,120 softgels,0g,3.6,31.59,25%,Orange,
6805eb0812d569ea3cf5c0ab,/public/assets/images/vitamins_minerals3.png,Nature’s Bounty Omega-3 - Unflavored (120 softgels),Nature’s Bounty,Omega-3,120 softgels,0g,3.5,24.49,20%,Unflavored,
6805eb0812d569ea3cf5c0ac,/public/assets/images/vitamins_minerals.png,GNC Mineral Supplement - Mint (90 capsules),GNC,Mineral Supplement,90 capsules,0g,4.5,19.48,10%,Mint,
6805eb0812d569ea3cf5c0ad,/public/assets/images/vitamins_minerals.png,Himalaya Omega-3 - Lemon (90 capsules),Himalaya,Omega-3,90 capsules,0g,3.7,27.9,25%,Lemon,
6805eb0812d569ea3cf5c0ae,/public/assets/images/vitamins_minerals2.png,Himalaya Mineral Supplement - Lemon (90 capsules),Himalaya,Mineral Supplement,90 capsules,0g,4,39.97,30%,Lemon,
6805eb0812d569ea3cf5c0af,/public/assets/images/vitamins_minerals.png,NOW Foods Vitamin D3 - Berry (30 tablets),NOW Foods,Vitamin D3,30 tablets,0g,4.8,16.43,20%,Berry,
6805eb0812d569ea3cf5c0b0,/public/assets/images/vitamins_minerals.png,Himalaya Calcium - Unflavored (90 capsules),Himalaya,Calcium,90 capsules,0g,4,16.27,25%,Unflavored,
6805eb0812d569ea3cf5c0b1,/public/assets/images/vitamins_minerals2.png,HealthVit Omega-3 - Orange (120 softgels),HealthVit,Omega-3,120 softgels,0g,4.5,17.23,25%,Orange,
6805eb0812d569ea3cf5c0b2,/public/assets/images/vitamins_minerals2.png,NOW Foods Calcium - Mint (90 capsules),NOW Foods,Calcium,90 capsules,0g,4.5,27.43,15%,Mint,
6805eb0812d569ea3cf5c0b3,/public/assets/images/vitamins_minerals.png,Himalaya Multivitamin - Orange (30 tablets),Himalaya,Multivitamin,30 tablets,0g,4.2,30.96,30%,Orange,
6805eb0812d569ea3cf5c0b4,/public/assets/images/vitamins_minerals2.png,GNC Mineral Supplement - Lemon (60 tablets),GNC,Mineral Supplement,60 tablets,0g,4.1,18.75,10%,Lemon,
6805eb0812d569ea3cf5c0b5,/public/assets/images/vitamins_minerals.png,NOW Foods Omega-3 - Lemon (60 tablets),NOW Foods,Omega-3,60 tablets,0g,3.6,33.43,10%,Lemon,
6805eb0812d569ea3cf5c0b6,/public/assets/images/vitamins_minerals3.png,NOW Foods Omega-3 - Berry (120 softgels),NOW Foods,Omega-3,120 softgels,0g,4.3,39.01,30%,Berry,
6805eb0812d569ea3cf5c0b7,/public/assets/images/vitamins_minerals2.png,Himalaya Vitamin D3 - Mint (30 tablets),Himalaya,Vitamin D3,30 tablets,0g,4.9,13.14,30%,Mint,
6805eb0812d569ea3cf5c0b8,/public/assets/images/vitamins_minerals.png,Himalaya Multivitamin - Unflavored (30 tablets),Himalaya,Multivitamin,30 tablets,0g,3.7,26.89,15%,Unflavored,
6805eb0812d569ea3cf5c0b9,/public/assets/images/vitamins_minerals2.png,GNC Vitamin D3 - Mint (120 softgels),GNC,Vitamin D3,120 softgels,0g,3.5,28.64,30%,Mint,
6805eb0812d569ea3cf5c0ba,/public/assets/images/vitamins_minerals2.png,HealthVit Multivitamin - Berry (30 tablets),HealthVit,Multivitamin,30 tablets,0g,4.6,32,15%,Berry,
6805eb0812d569ea3cf5c0bb,/public/assets/images/vitamins_minerals.png,Nature’s Bounty Multivitamin - Unflavored (90 capsules),Nature’s Bounty,Multivitamin,90 capsules,0g,4.9,13.85,15%,Unflavored,
6805eb0812d569ea3cf5c0bc,/public/assets/images/vitamins_minerals.png,Nature’s Bounty Calcium - Mint (60 tablets),Nature’s Bounty,Calcium,60 tablets,0g,4.6,15.04,10%,Mint,
6805eb0812d569ea3cf5c0bd,/public/assets/images/vitamins_minerals3.png,GNC Vitamin D3 - Lemon (90 capsules),GNC,Vitamin D3,90 capsules,0g,3.7,16.84,10%,Lemon,
6805eb0812d569ea3cf5c0be,/public/assets/images/vitamins_minerals3.png,Himalaya Vitamin D3 - Mint (120 softgels),Himalaya,Vitamin D3,120 softgels,0g,4.9,28.48,30%,Mint,
6805eb0812d569ea3cf5c0bf,/public/assets/images/vitamins_minerals3.png,GNC Calcium - Lemon (60 tablets),GNC,Calcium,60 tablets,0g,3.9,15.32,25%,Lemon,
6805eb0812d569ea3cf5c0c0,/public/assets/images/vitamins_minerals2.png,GNC Multivitamin - Berry (90 capsules),GNC,Multivitamin,90 capsules,0g,4.9,31.5,10%,Berry,
6805ef6312d569ea3cf5c15b,/public/assets/images/s2.png,Kaged Muscle Melatonin (30 Capsules),JYM Supplement Science,Ashwagandha,30 Capsules,0g,4.2,59.99,40%,,
6805ef6312d569ea3cf5c15c,/public/assets/images/s1.png,Optimum Nutrition L-Theanine (60 Capsules),BPI Sports,Ashwagandha,60 Capsules,0g,4.5,44.54,25%,,
6805ef6312d569ea3cf5c15d,/public/assets/images/s2.png,Optimum Nutrition L-Theanine (500g),JYM Supplement Science,Ashwagandha,60 Capsules,0g,4.9,49.99,30%,,
6805ef6312d569ea3cf5c15e,/public/assets/images/s1.png,MuscleTech ZMA (500g),Kaged Muscle,Melatonin,500g,0g,4.2,59.99,20%,,
6805ef6312d569ea3cf5c15f,/public/assets/images/s2.png,JYM Supplement Science GABA (500g),MuscleTech,L-Arginine,60 Capsules,0g,4,44.54,30%,,
6805ef6312d569ea3cf5c160,/public/assets/images/s1.png,BPI Sports L-Theanine (60 Capsules),MuscleTech,Melatonin,30 Capsules,0g,4.7,34.99,15%,,
6805ef6312d569ea3cf5c161,/public/assets/images/s3.png,JYM Supplement Science L-Theanine (1kg),BPI Sports,Melatonin,250g,0g,4.2,44.54,30%,,
6805ef6312d569ea3cf5c162,/public/assets/images/s3.png,JYM Supplement Science BCAA (1kg),BPI Sports,BCAA,30 Capsules,0g,4.5,49.99,30%,,
6805ef6312d569ea3cf5c163,/public/assets/images/s3.png,MuscleTech Ashwagandha (500g),JYM Supplement Science,GABA,60 Capsules,0g,4.2,29.99,40%,,
6805ef6312d569ea3cf5c164,/public/assets/images/s3.png,Kaged Muscle L-Arginine (500g),Kaged Muscle,GABA,250g,0g,4.5,59.99,20%,,
6805ef6312d569ea3cf5c165,/public/assets/images/s3.png,MuscleTech GABA (30 Capsules),BPI Sports,L-Theanine,60 Capsules,0g,4,59.99,20%,,
6805ef6312d569ea3cf5c166,/public/assets/images/s3.png,Kaged Muscle L-Arginine (500g),JYM Supplement Science,GABA,250g,0g,4.7,44.54,30%,,
6805ef6312d569ea3cf5c167,/public/assets/images/s2.png,JYM Supplement Science L-Theanine (1kg),JYM Supplement Science,Magnesium,1kg,0g,4.5,29.99,25%,,
6805ef6312d569ea3cf5c168,/public/assets/images/s2.png,JYM Supplement Science BCAA (500g),Optimum Nutrition,L-Theanine,250g,0g,4.7,44.54,30%,,
6805ef6312d569ea3cf5c169,/public/assets/images/s3.png,Kaged Muscle Ashwagandha (60 Capsules),JYM Supplement Science,L-Theanine,1kg,0g,4.9,29.99,40%,,
6805ef6312d569ea3cf5c16a,/public/assets/images/s2.png,Kaged Muscle GABA (30 Capsules),MuscleTech,Melatonin,30 Capsules,0g,4.2,39.99,20%,,
6805ef6312d569ea3cf5c16b,/public/assets/images/s1.png,BPI Sports L-Arginine (1kg),JYM Supplement Science,ZMA,60 Capsules,0g,4.7,44.54,25%,,
6805ef6312d569ea3cf5c16c,/public/assets/images/s2.png,BPI Sports Melatonin (500g),JYM Supplement Science,L-Arginine,1kg,0g,4,34.99,20%,,
6805ef6312d569ea3cf5c16d,/public/assets/images/s1.png,BPI Sports ZMA (1kg),Kaged Muscle,L-Arginine,500g,0g,4.9,29.99,20%,,
6805ef6312d569ea3cf5c16e,/public/assets/images/s1.png,BPI Sports BCAA (500g),JYM Supplement Science,Ashwagandha,60 Capsules,0g,4.2,39.99,40%,,
6805ef6312d569ea3cf5c16f,/public/assets/images/s3.png,MuscleTech L-Theanine (30 Capsules),JYM Supplement Science,ZMA,60 Capsules,0g,4.9,59.99,15%,,
6805ef6312d569ea3cf5c170,/public/assets/images/s2.png,JYM Supplement Science L-Arginine (1kg),JYM Supplement Science,Ashwagandha,500g,0g,4.2,59.99,20%,,
6805ef6312d569ea3cf5c171,/public/assets/images/s1.png,BPI Sports L-Arginine (30 Capsules),Kaged Muscle,L-Theanine,500g,0g,4.9,44.54,20%,,
6805ef6312d569ea3cf5c172,/public/assets/images/s2.png,Optimum Nutrition BCAA (250g),MuscleTech,L-Arginine,250g,0g,4.9,39.99,20%,,
6805ef6312d569ea3cf5c173,/public/assets/images/s2.png,BPI Sports Magnesium (1kg),JYM Supplement Science,L-Theanine,250g,0g,4,49.99,15%,,
6805ef6312d569ea3cf5c174,/public/assets/images/s3.png,Optimum Nutrition GABA (30 Capsules),Kaged Muscle,Melatonin,1kg,0g,4.5,39.99,25%,,
6805ef6312d569ea3cf5c175,/public/assets/images/s2.png,Kaged Muscle Ashwagandha (60 Capsules),Kaged Muscle,ZMA,60 Capsules,0g,4,29.99,40%,,
6805ef6312d569ea3cf5c176,/public/assets/images/s3.png,Optimum Nutrition ZMA (500g),Optimum Nutrition,Ashwagandha,60 Capsules,0g,4.5,49.99,15%,,
6805ef6312d569ea3cf5c177,/public/assets/images/s1.png,Kaged Muscle L-Theanine (500g),MuscleTech,L-Arginine,500g,0g,4.2,59.99,30%,,
6805ef6312d569ea3cf5c178,/public/assets/images/s3.png,Kaged Muscle ZMA (30 Capsules),JYM Supplement Science,ZMA,250g,0g,4,34.99,20%,,
6805ef6312d569ea3cf5c179,/public/assets/images/s3.png,Kaged Muscle GABA (250g),JYM Supplement Science,ZMA,1kg,0g,4.2,34.99,15%,,
6805ef6312d569ea3cf5c17a,/public/assets/images/s1.png,MuscleTech Magnesium (30 Capsules),MuscleTech,L-Arginine,30 Capsules,0g,4.9,49.99,15%,,
6805ef6312d569ea3cf5c17b,/public/assets/images/s3.png,MuscleTech Melatonin (1kg),Optimum Nutrition,L-Arginine,250g,0g,4.2,49.99,40%,,
6805ef6312d569ea3cf5c17c,/public/assets/images/s3.png,BPI Sports ZMA (30 Capsules),JYM Supplement Science,GABA,1kg,0g,4.2,59.99,25%,,
6805ef6312d569ea3cf5c17d,/public/assets/images/s3.png,Optimum Nutrition ZMA (500g),MuscleTech,BCAA,30 Capsules,0g,4.7,29.99,30%,,
6805ef6312d569ea3cf5c17e,/public/assets/images/s2.png,BPI Sports Melatonin (500g),MuscleTech,L-Theanine,250g,0g,4.9,39.99,40%,,
6805ef6312d569ea3cf5c17f,/public/assets/images/s2.png,BPI Sports ZMA (60 Capsules),MuscleTech,L-Theanine,30 Capsules,0g,4,29.99,25%,,
6805ef6312d569ea3cf5c180,/public/assets/images/s2.png,MuscleTech L-Theanine (1kg),MuscleTech,BCAA,60 Capsules,0g,4,39.99,20%,,
6805ef6312d569ea3cf5c181,/public/assets/images/s1.png,MuscleTech Magnesium (60 Capsules),BPI Sports,Melatonin,30 Capsules,0g,4.9,49.99,15%,,
6805ef6312d569ea3cf5c182,/public/assets/images/s3.png,JYM Supplement Science L-Theanine (30 Capsules),Kaged Muscle,ZMA,1kg,0g,4.7,34.99,15%,,
6805ef6312d569ea3cf5c183,/public/assets/images/s2.png,Kaged Muscle ZMA (30 Capsules),Kaged Muscle,L-Theanine,250g,0g,4.7,44.54,15%,,
6805ef6312d569ea3cf5c184,/public/assets/images/s2.png,Kaged Muscle Magnesium (500g),Kaged Muscle,L-Theanine,1kg,0g,4.5,44.54,40%,,
6805ef6312d569ea3cf5c185,/public/assets/images/s2.png,BPI Sports L-Arginine (30 Capsules),Kaged Muscle,ZMA,60 Capsules,0g,4.2,39.99,30%,,
6805ef6312d569ea3cf5c186,/public/assets/images/s2.png,MuscleTech BCAA (1kg),BPI Sports,L-Theanine,500g,0g,4,34.99,25%,,
6805ef6312d569ea3cf5c187,/public/assets/images/s3.png,JYM Supplement Science Magnesium (250g),Optimum Nutrition,L-Theanine,30 Capsules,0g,4,34.99,40%,,
6805ef6312d569ea3cf5c188,/public/assets/images/s3.png,BPI Sports Magnesium (250g),JYM Supplement Science,Ashwagandha,250g,0g,4.7,39.99,30%,,
6805ef6312d569ea3cf5c189,/public/assets/images/s1.png,Optimum Nutrition L-Arginine (500g),Kaged Muscle,L-Theanine,30 Capsules,0g,4.2,29.99,20%,,
6805ef6312d569ea3cf5c18a,/public/assets/images/s3.png,Optimum Nutrition Magnesium (1kg),Optimum Nutrition,Magnesium,250g,0g,4,39.99,15%,,
6805ef6312d569ea3cf5c18b,/public/assets/images/s2.png,JYM Supplement Science BCAA (250g),Kaged Muscle,L-Arginine,250g,0g,4.9,29.99,20%,,
6805ef6312d569ea3cf5c18c,/public/assets/images/s1.png,JYM Supplement Science L-Arginine (30 Capsules),Kaged Muscle,Magnesium,250g,0g,4.2,59.99,25%,,
67f37d6227de78ca3612e412,/assets/images/nitrotech.jpg,,,,,,,,,,
67f37d6227de78ca3612e414,/assets/images/whey_img1.jpg,,,,,,,,,,
67f37d6227de78ca3612e418,/assets/images/ppp1.jpg,,,,,,,,,,
67f37d6227de78ca3612e419,/assets/images/oats.jpg,,,,,,,,,,
67f37d6227de78ca3612e416,/assets/images/bcaa.jpg,,,,,,,,,,
67f37d6227de78ca3612e413,/assets/images/dymatize.jpg,,,,,,,,,,
67f37d6227de78ca3612e415,/assets/images/pre-workout.jpg,,,,,,,,,,
67f37d6227de78ca3612e417,/assets/images/weight_gainer.jpg,,,,,,,,,,
67f37d6227de78ca3612e41a,/assets/images/superyou.jpg,,,,,,,,,,
67f37f0c27de78ca3612e41c,/assets/images/ON.jpg,,,,,,,,,,
6805ec4712d569ea3cf5c0c2,/public/assets/images/pre_workout1.png,BSN Pre-Workout - Blue Raspberry (250g),BSN,Pre-Workout,250g,0g,4.2,58.89,20%,Blue Raspberry,
6805ec4712d569ea3cf5c0c3,/public/assets/images/pre_workout1.png,MuscleBlaze Energy Booster - Green Apple (250g),MuscleBlaze,Energy Booster,250g,0g,3.6,39.93,25%,Green Apple,
6805ec4712d569ea3cf5c0c4,/public/assets/images/pre_workout3.png,BSN Pre-Workout - Watermelon (30 servings),BSN,Pre-Workout,30 servings,0g,3.9,44.35,20%,Watermelon,
6805ec4712d569ea3cf5c0c5,/public/assets/images/pre_workout3.png,Optimum Nutrition Pre-Workout - Watermelon (30 servings),Optimum Nutrition,Pre-Workout,30 servings,0g,3.6,37.28,10%,Watermelon,
6805ec4712d569ea3cf5c0c6,/public/assets/images/pre_workout2.png,Cellucor Pre-Workout - Orange Mango (40 servings),Cellucor,Pre-Workout,40 servings,0g,4.6,57.39,30%,Orange Mango,
6805ec4712d569ea3cf5c0c7,/public/assets/images/pre_workout3.png,BSN Energy Booster - Fruit Punch (30 servings),BSN,Energy Booster,30 servings,0g,3.8,27.97,30%,Fruit Punch,
6805ec4712d569ea3cf5c0c8,/public/assets/images/pre_workout1.png,Optimum Nutrition Energy Booster - Fruit Punch (250g),Optimum Nutrition,Energy Booster,250g,0g,4.3,25.41,10%,Fruit Punch,
6805ec4712d569ea3cf5c0c9,/public/assets/images/pre_workout2.png,Evlution Nutrition Energy Booster - Green Apple (30 servings),Evlution Nutrition,Energy Booster,30 servings,0g,4.2,37.42,10%,Green Apple,
6805ec4712d569ea3cf5c0ca,/public/assets/images/pre_workout3.png,Optimum Nutrition Pre-Workout - Fruit Punch (30 servings),Optimum Nutrition,Pre-Workout,30 servings,0g,4.8,27.86,30%,Fruit Punch,
6805ec4712d569ea3cf5c0cb,/public/assets/images/pre_workout1.png,BSN Energy Booster - Fruit Punch (40 servings),BSN,Energy Booster,40 servings,0g,4.8,30.29,10%,Fruit Punch,
6805ec4712d569ea3cf5c0cc,/public/assets/images/pre_workout2.png,MuscleBlaze Pre-Workout - Fruit Punch (40 servings),MuscleBlaze,Pre-Workout,40 servings,0g,4.8,37.68,10%,Fruit Punch,
6805ec4712d569ea3cf5c0cd,/public/assets/images/pre_workout2.png,Cellucor Pre-Workout - Blue Raspberry (300g),Cellucor,Pre-Workout,300g,0g,4.3,33.69,10%,Blue Raspberry,
6805ec4712d569ea3cf5c0ce,/public/assets/images/pre_workout2.png,MuscleBlaze Pre-Workout - Blue Raspberry (250g),MuscleBlaze,Pre-Workout,250g,0g,3.5,33.54,15%,Blue Raspberry,
6805ec4712d569ea3cf5c0cf,/public/assets/images/pre_workout1.png,Cellucor Energy Booster - Watermelon (250g),Cellucor,Energy Booster,250g,0g,4.8,28.71,15%,Watermelon,
6805ec4712d569ea3cf5c0d0,/public/assets/images/pre_workout2.png,Optimum Nutrition Energy Booster - Blue Raspberry (40 servings),Optimum Nutrition,Energy Booster,40 servings,0g,3.8,30.33,15%,Blue Raspberry,
6805ec4712d569ea3cf5c0d1,/public/assets/images/pre_workout2.png,Evlution Nutrition Pre-Workout - Blue Raspberry (250g),Evlution Nutrition,Pre-Workout,250g,0g,4.6,41.84,25%,Blue Raspberry,
6805ec4712d569ea3cf5c0d2,/public/assets/images/pre_workout1.png,BSN Energy Booster - Green Apple (40 servings),BSN,Energy Booster,40 servings,0g,4.7,27.95,25%,Green Apple,
6805ec4712d569ea3cf5c0d3,/public/assets/images/pre_workout3.png,Cellucor Pre-Workout - Green Apple (30 servings),Cellucor,Pre-Workout,30 servings,0g,3.6,57.72,30%,Green Apple,
6805ec4712d569ea3cf5c0d4,/public/assets/images/pre_workout3.png,Evlution Nutrition Pre-Workout - Green Apple (300g),Evlution Nutrition,Pre-Workout,300g,0g,3.9,37.7,20%,Green Apple,
6805ec4712d569ea3cf5c0d5,/public/assets/images/pre_workout3.png,Evlution Nutrition Pre-Workout - Fruit Punch (300g),Evlution Nutrition,Pre-Workout,300g,0g,4.9,28.58,20%,Fruit Punch,
6805ec4712d569ea3cf5c0d6,/public/assets/images/pre_workout1.png,BSN Energy Booster - Orange Mango (30 servings),BSN,Energy Booster,30 servings,0g,4.2,30.81,10%,Orange Mango,
6805ec4712d569ea3cf5c0d7,/public/assets/images/pre_workout3.png,Cellucor Energy Booster - Orange Mango (300g),Cellucor,Energy Booster,300g,0g,4.9,45.45,20%,Orange Mango,
6805ec4712d569ea3cf5c0d8,/public/assets/images/pre_workout1.png,Evlution Nutrition Pre-Workout - Fruit Punch (30 servings),Evlution Nutrition,Pre-Workout,30 servings,0g,3.9,24.69,10%,Fruit Punch,
6805ec4712d569ea3cf5c0d9,/public/assets/images/pre_workout1.png,Cellucor Pre-Workout - Green Apple (40 servings),Cellucor,Pre-Workout,40 servings,0g,4.1,55.06,15%,Green Apple,
6805ec4712d569ea3cf5c0da,/public/assets/images/pre_workout2.png,Cellucor Energy Booster - Blue Raspberry (250g),Cellucor,Energy Booster,250g,0g,4.2,35.85,10%,Blue Raspberry,
6805ec4712d569ea3cf5c0db,/public/assets/images/pre_workout1.png,Optimum Nutrition Energy Booster - Watermelon (250g),Optimum Nutrition,Energy Booster,250g,0g,4.9,20.79,15%,Watermelon,
6805ec4712d569ea3cf5c0dc,/public/assets/images/pre_workout2.png,Optimum Nutrition Pre-Workout - Blue Raspberry (250g),Optimum Nutrition,Pre-Workout,250g,0g,3.9,39.87,20%,Blue Raspberry,
6805ec4712d569ea3cf5c0dd,/public/assets/images/pre_workout1.png,Evlution Nutrition Pre-Workout - Watermelon (250g),Evlution Nutrition,Pre-Workout,250g,0g,4.5,32.72,30%,Watermelon,
6805ec4712d569ea3cf5c0de,/public/assets/images/pre_workout1.png,Optimum Nutrition Pre-Workout - Watermelon (40 servings),Optimum Nutrition,Pre-Workout,40 servings,0g,4.6,30.32,25%,Watermelon,
6805ec4712d569ea3cf5c0df,/public/assets/images/pre_workout1.png,Optimum Nutrition Energy Booster - Watermelon (250g),Optimum Nutrition,Energy Booster,250g,0g,4,52.12,25%,Watermelon,
6805ec4712d569ea3cf5c0e0,/public/assets/images/pre_workout2.png,MuscleBlaze Energy Booster - Fruit Punch (300g),MuscleBlaze,Energy Booster,300g,0g,4.4,33.77,25%,Fruit Punch,
6805ec4712d569ea3cf5c0e1,/public/assets/images/pre_workout3.png,Evlution Nutrition Pre-Workout - Orange Mango (250g),Evlution Nutrition,Pre-Workout,250g,0g,4.4,47.15,25%,Orange Mango,
6805ec4712d569ea3cf5c0e2,/public/assets/images/pre_workout1.png,MuscleBlaze Pre-Workout - Green Apple (30 servings),MuscleBlaze,Pre-Workout,30 servings,0g,3.9,34.47,30%,Green Apple,
6805ec4712d569ea3cf5c0e3,/public/assets/images/pre_workout3.png,Optimum Nutrition Pre-Workout - Fruit Punch (300g),Optimum Nutrition,Pre-Workout,300g,0g,3.8,23.82,10%,Fruit Punch,
6805ec4712d569ea3cf5c0e4,/public/assets/images/pre_workout3.png,Evlution Nutrition Energy Booster - Fruit Punch (300g),Evlution Nutrition,Energy Booster,300g,0g,4.7,40.8,10%,Fruit Punch,
6805ec4712d569ea3cf5c0e5,/public/assets/images/pre_workout2.png,Optimum Nutrition Energy Booster - Watermelon (250g),Optimum Nutrition,Energy Booster,250g,0g,4.7,44.85,20%,Watermelon,
6805ec4712d569ea3cf5c0e6,/public/assets/images/pre_workout2.png,Optimum Nutrition Pre-Workout - Orange Mango (40 servings),Optimum Nutrition,Pre-Workout,40 servings,0g,3.9,43.96,30%,Orange Mango,
6805ec4712d569ea3cf5c0e7,/public/assets/images/pre_workout1.png,Cellucor Energy Booster - Green Apple (250g),Cellucor,Energy Booster,250g,0g,4.9,36.23,10%,Green Apple,
6805ec4712d569ea3cf5c0e8,/public/assets/images/pre_workout1.png,Optimum Nutrition Pre-Workout - Watermelon (30 servings),Optimum Nutrition,Pre-Workout,30 servings,0g,4,27.71,20%,Watermelon,
6805ec4712d569ea3cf5c0e9,/public/assets/images/pre_workout3.png,Evlution Nutrition Energy Booster - Fruit Punch (300g),Evlution Nutrition,Energy Booster,300g,0g,4.7,27.49,20%,Fruit Punch,
6805ec4712d569ea3cf5c0ea,/public/assets/images/pre_workout2.png,MuscleBlaze Energy Booster - Blue Raspberry (250g),MuscleBlaze,Energy Booster,250g,0g,4.9,39.93,10%,Blue Raspberry,
6805ec4712d569ea3cf5c0eb,/public/assets/images/pre_workout3.png,Cellucor Energy Booster - Green Apple (300g),Cellucor,Energy Booster,300g,0g,4.4,57.84,30%,Green Apple,
6805ec4712d569ea3cf5c0ec,/public/assets/images/pre_workout3.png,Cellucor Energy Booster - Watermelon (250g),Cellucor,Energy Booster,250g,0g,3.9,43.59,15%,Watermelon,
6805ec4712d569ea3cf5c0ed,/public/assets/images/pre_workout3.png,Optimum Nutrition Energy Booster - Orange Mango (250g),Optimum Nutrition,Energy Booster,250g,0g,3.8,24.41,20%,Orange Mango,
6805ec4712d569ea3cf5c0ee,/public/assets/images/pre_workout2.png,MuscleBlaze Energy Booster - Watermelon (250g),MuscleBlaze,Energy Booster,250g,0g,3.6,58.08,30%,Watermelon,
6805ec4712d569ea3cf5c0ef,/public/assets/images/pre_workout1.png,BSN Energy Booster - Green Apple (250g),BSN,Energy Booster,250g,0g,3.7,44.7,15%,Green Apple,
6805ec4712d569ea3cf5c0f0,/public/assets/images/pre_workout3.png,Evlution Nutrition Energy Booster - Orange Mango (300g),Evlution Nutrition,Energy Booster,300g,0g,4.4,29.23,10%,Orange Mango,
6805ec4712d569ea3cf5c0f1,/public/assets/images/pre_workout3.png,Cellucor Pre-Workout - Orange Mango (300g),Cellucor,Pre-Workout,300g,0g,4.7,47.78,20%,Orange Mango,
6805ec4712d569ea3cf5c0f2,/public/assets/images/pre_workout2.png,MuscleBlaze Energy Booster - Green Apple (40 servings),MuscleBlaze,Energy Booster,40 servings,0g,4.1,43.37,30%,Green Apple,
6805ec4712d569ea3cf5c0f3,/public/assets/images/pre_workout2.png,BSN Pre-Workout - Fruit Punch (40 servings),BSN,Pre-Workout,40 servings,0g,4,43.52,30%,Fruit Punch,
6805f00c12d569ea3cf5c1c1,/public/assets/images/wellness2.png,Garden of Life Vitamin C (200 Tablets),Garden of Life,Probiotics,60 Capsules,0g,4,12.99,30%,,
6805f00c12d569ea3cf5c1c2,/public/assets/images/wellness1.png,Solgar Echinacea (60 Capsules),Vitamins World,Echinacea,60 Capsules,0g,4.9,29.99,15%,,
6805f00c12d569ea3cf5c1c3,/public/assets/images/wellness3.png,Garden of Life Turmeric (500mg),Solgar,Vitamin C,100g,0g,4.5,19.99,25%,,
6805f00c12d569ea3cf5c1c4,/public/assets/images/wellness2.png,Now Foods Garlic (60 Capsules),Nature Made,Vitamin D,500mg,0g,4.2,25.99,25%,,
6805f00c12d569ea3cf5c1c5,/public/assets/images/wellness2.png,Vitamins World Echinacea (200 Tablets),Vitamins World,Elderberry,200 Tablets,0g,4.9,15.99,40%,,
6805f00c12d569ea3cf5c1c6,/public/assets/images/wellness2.png,Nature Made Elderberry (90 Capsules),Now Foods,Garlic,200 Tablets,0g,4.7,29.99,40%,,
6805f00c12d569ea3cf5c1c7,/public/assets/images/wellness1.png,Garden of Life Turmeric (200 Tablets),Nature Made,Zinc,100g,0g,4.9,29.99,20%,,
6805f00c12d569ea3cf5c1c8,/public/assets/images/wellness3.png,Garden of Life Probiotics (500mg),Vitamins World,Turmeric,90 Capsules,0g,4.2,19.99,15%,,
6805f00c12d569ea3cf5c1c9,/public/assets/images/wellness2.png,Vitamins World Vitamin D (30 Capsules),Garden of Life,Turmeric,100g,0g,4,15.99,15%,,
6805f00c12d569ea3cf5c1ca,/public/assets/images/wellness1.png,Garden of Life Echinacea (500mg),Nature Made,Turmeric,200 Tablets,0g,4.5,25.99,25%,,
6805f00c12d569ea3cf5c1cb,/public/assets/images/wellness3.png,Now Foods Probiotics (30 Capsules),Nature Made,Vitamin C,30 Capsules,0g,4,19.99,15%,,
6805f00c12d569ea3cf5c1cc,/public/assets/images/wellness2.png,Solgar Elderberry (60 Capsules),Nature Made,Turmeric,500mg,0g,4,34.99,25%,,
6805f00c12d569ea3cf5c1cd,/public/assets/images/wellness1.png,Vitamins World Turmeric (90 Capsules),Now Foods,Garlic,30 Capsules,0g,4.7,19.99,25%,,
6805f00c12d569ea3cf5c1ce,/public/assets/images/wellness2.png,Nature Made Vitamin D (100g),Garden of Life,Vitamin D,500mg,0g,4.5,12.99,25%,,
6805f00c12d569ea3cf5c1cf,/public/assets/images/wellness3.png,Vitamins World Probiotics (90 Capsules),Now Foods,Echinacea,60 Capsules,0g,4,19.99,40%,,
6805f00c12d569ea3cf5c1d0,/public/assets/images/wellness3.png,Now Foods Turmeric (100g),Now Foods,Zinc,100g,0g,4,15.99,25%,,
6805f00c12d569ea3cf5c1d1,/public/assets/images/wellness1.png,Garden of Life Turmeric (60 Capsules),Solgar,Vitamin C,30 Capsules,0g,4.9,12.99,30%,,
6805f00c12d569ea3cf5c1d2,/public/assets/images/wellness1.png,Nature Made Turmeric (90 Capsules),Vitamins World,Zinc,100g,0g,4.2,25.99,20%,,
6805f00c12d569ea3cf5c1d3,/public/assets/images/wellness2.png,Solgar Probiotics (30 Capsules),Solgar,Vitamin C,500mg,0g,4.5,25.99,25%,,
6805f00c12d569ea3cf5c1d4,/public/assets/images/wellness2.png,Garden of Life Elderberry (90 Capsules),Solgar,Vitamin C,30 Capsules,0g,4,25.99,25%,,
6805f00c12d569ea3cf5c1d5,/public/assets/images/wellness3.png,Now Foods Vitamin C (500mg),Nature Made,Turmeric,100g,0g,4,29.99,25%,,
6805f00c12d569ea3cf5c1d6,/public/assets/images/wellness1.png,Vitamins World Garlic (100g),Vitamins World,Zinc,100g,0g,4.2,29.99,20%,,
6805f00c12d569ea3cf5c1d7,/public/assets/images/wellness1.png,Garden of Life Vitamin C (500mg),Solgar,Elderberry,200 Tablets,0g,4,25.99,15%,,
6805f00c12d569ea3cf5c1d8,/public/assets/images/wellness3.png,Vitamins World Garlic (500mg),Solgar,Turmeric,30 Capsules,0g,4,12.99,25%,,
6805f00c12d569ea3cf5c1d9,/public/assets/images/wellness3.png,Vitamins World Echinacea (100g),Now Foods,Elderberry,100g,0g,4.7,34.99,20%,,
6805f00c12d569ea3cf5c1da,/public/assets/images/wellness1.png,Vitamins World Turmeric (200 Tablets),Vitamins World,Vitamin C,30 Capsules,0g,4.9,12.99,40%,,
6805f00c12d569ea3cf5c1db,/public/assets/images/wellness1.png,Garden of Life Elderberry (30 Capsules),Vitamins World,Vitamin D,500mg,0g,4.7,25.99,40%,,
6805f00c12d569ea3cf5c1dc,/public/assets/images/wellness2.png,Now Foods Garlic (90 Capsules),Nature Made,Garlic,500mg,0g,4.5,15.99,15%,,
6805f00c12d569ea3cf5c1dd,/public/assets/images/wellness2.png,Vitamins World Elderberry (90 Capsules),Vitamins World,Vitamin D,100g,0g,4.7,29.99,15%,,
6805f00c12d569ea3cf5c1de,/public/assets/images/wellness2.png,Now Foods Turmeric (60 Capsules),Vitamins World,Vitamin C,90 Capsules,0g,4.7,29.99,15%,,
6805f00c12d569ea3cf5c1df,/public/assets/images/wellness2.png,Nature Made Probiotics (60 Capsules),Nature Made,Zinc,30 Capsules,0g,4.9,15.99,25%,,
6805f00c12d569ea3cf5c1e0,/public/assets/images/wellness2.png,Nature Made Turmeric (500mg),Garden of Life,Probiotics,500mg,0g,4.2,34.99,40%,,
6805f00c12d569ea3cf5c1e1,/public/assets/images/wellness1.png,Nature Made Elderberry (500mg),Nature Made,Vitamin C,500mg,0g,4.9,15.99,30%,,
6805f00c12d569ea3cf5c1e2,/public/assets/images/wellness2.png,Solgar Zinc (200 Tablets),Vitamins World,Garlic,100g,0g,4.7,34.99,25%,,
6805f00c12d569ea3cf5c1e3,/public/assets/images/wellness2.png,Now Foods Echinacea (100g),Nature Made,Garlic,30 Capsules,0g,4,12.99,20%,,
6805f00c12d569ea3cf5c1e4,/public/assets/images/wellness1.png,Vitamins World Zinc (60 Capsules),Now Foods,Vitamin D,100g,0g,4,29.99,30%,,
6805f00c12d569ea3cf5c1e5,/public/assets/images/wellness1.png,Garden of Life Elderberry (200 Tablets),Vitamins World,Probiotics,60 Capsules,0g,4.2,15.99,15%,,
6805f00c12d569ea3cf5c1e6,/public/assets/images/wellness1.png,Garden of Life Echinacea (30 Capsules),Garden of Life,Probiotics,500mg,0g,4.9,25.99,25%,,
6805f00c12d569ea3cf5c1e7,/public/assets/images/wellness2.png,Solgar Echinacea (90 Capsules),Vitamins World,Echinacea,60 Capsules,0g,4.5,12.99,40%,,
6805f00c12d569ea3cf5c1e8,/public/assets/images/wellness3.png,Garden of Life Vitamin D (30 Capsules),Vitamins World,Zinc,30 Capsules,0g,4.9,15.99,30%,,
6805f00c12d569ea3cf5c1e9,/public/assets/images/wellness3.png,Solgar Turmeric (100g),Solgar,Zinc,60 Capsules,0g,4.2,12.99,20%,,
6805f00c12d569ea3cf5c1ea,/public/assets/images/wellness3.png,Vitamins World Vitamin D (500mg),Nature Made,Garlic,60 Capsules,0g,4.9,29.99,20%,,
6805f00c12d569ea3cf5c1eb,/public/assets/images/wellness1.png,Solgar Zinc (200 Tablets),Nature Made,Echinacea,500mg,0g,4,15.99,15%,,
6805f00c12d569ea3cf5c1ec,/public/assets/images/wellness1.png,Solgar Vitamin D (30 Capsules),Garden of Life,Garlic,90 Capsules,0g,4.5,34.99,30%,,
6805f00c12d569ea3cf5c1ed,/public/assets/images/wellness3.png,Garden of Life Elderberry (200 Tablets),Nature Made,Zinc,60 Capsules,0g,4,29.99,20%,,
6805f00c12d569ea3cf5c1ee,/public/assets/images/wellness3.png,Garden of Life Garlic (90 Capsules),Vitamins World,Turmeric,500mg,0g,4.2,29.99,40%,,
6805f00c12d569ea3cf5c1ef,/public/assets/images/wellness3.png,Nature Made Turmeric (60 Capsules),Now Foods,Elderberry,100g,0g,4.9,29.99,40%,,
6805f00c12d569ea3cf5c1f0,/public/assets/images/wellness1.png,Now Foods Vitamin D (500mg),Vitamins World,Turmeric,500mg,0g,4.9,29.99,20%,,
6805f00c12d569ea3cf5c1f1,/public/assets/images/wellness1.png,Now Foods Elderberry (200 Tablets),Garden of Life,Echinacea,100g,0g,4,34.99,15%,,
6805f00c12d569ea3cf5c1f2,/public/assets/images/wellness3.png,Garden of Life Probiotics (200 Tablets),Vitamins World,Zinc,100g,0g,4,15.99,30%,,
